player,role,matches,runs,balls_faced,batting_average,strike_rate,fours,sixes,boundary_percentage,dot_percentage_faced,chase_runs,chase_strike_rate,balls_bowled,runs_conceded,wickets,economy,bowling_average,wickets_per_match,dot_percentage_bowled,death_economy,death_strike_rate,catches,stumpings,run_outs,batting_raw_rating,bowling_raw_rating,match_impact_score,consistency_index,pressure_performance_index,cpis_rating,rank
Faf du Plessis,Opener,84,3858,2370,64.3,162.78481012658227,364,200,23.79746835443038,32.9957805907173,1538,155.35353535353536,0,0,0,0.0,99.9,0.0,0.0,0.0,99.9,0,0,0,93.45592224231464,0.0,19.027011907145116,28.75382671966046,67.61570471357123,39.95,1
Virat Kohli,Opener,81,3314,1993,51.78125,166.2819869543402,294,192,24.385348720521826,34.470647265429,1181,165.17482517482517,0,0,0,0.0,99.9,0.0,0.0,0.0,99.9,0,0,0,85.03989271090794,0.0,16.58767260675029,27.238325862052882,75.62856130249862,39.14,2
Ruturaj Gaikwad,Middle Order,43,1784,1072,48.21621621621622,166.4179104477612,146,119,24.720149253731343,36.100746268656714,788,165.54621848739495,24,46,0,11.5,46.0,0.0,25.0,6.0,99.9,0,0,0,86.30510239500174,0.0,15.849271483073615,27.951810444632706,71.38998241106694,38.36,3
Shivam Dube,Middle Order,34,1213,748,43.32142857142857,162.1657754010695,101,69,22.727272727272727,32.62032085561498,638,165.28497409326425,48,77,4,9.625,19.25,2.0,29.166666666666668,3.0,6.0,1,0,0,72.31878145643284,20.625,15.713138340371724,12.125372590780191,84.68126072806426,37.77,4
Yashasvi Jaiswal,Opener,66,2931,1786,56.36538461538461,164.10974244120942,268,162,24.076147816349383,34.266517357222845,1421,170.38369304556355,0,0,0,0.0,99.9,0.0,0.0,0.0,99.9,0,0,0,91.09955588923954,0.0,19.00589833884666,22.27186254952166,64.84138867152525,37.74,5
Rohit Sharma,Middle Order,53,2100,1290,50.0,162.7906976744186,189,119,23.875968992248062,34.72868217054263,1164,167.96536796536796,24,44,0,11.0,44.0,0.0,12.5,8.0,99.9,0,1,0,80.62746818780167,0.0,16.4000008252011,17.59901726787042,73.92453248313821,36.14,6
Andre Russell,All-Rounder,53,1910,1153,51.62162162162162,165.65481352992194,174,108,24.45793581960104,34.60537727666956,916,161.26760563380282,983,1386,56,8.459816887080366,24.75,1.2727272727272727,39.06408952187182,6.56,11.538461538461538,39,0,5,74.62280515145068,24.247202441505593,13.24847373077865,4.098718558905679,69.33507853403142,32.94,7
Heinrich Klaasen,Wicketkeeper,63,2668,1644,58.0,162.28710462287103,237,156,23.905109489051096,35.523114355231144,1338,170.01270648030496,0,0,0,0.0,99.9,0.0,0.0,0.0,99.9,0,11,0,85.90912601861507,0.0,16.73255596100336,20.49534352203115,50.07186367991715,32.86,8
Ishan Kishan,Wicketkeeper,48,1775,1132,46.71052631578947,156.80212014134275,163,95,22.791519434628977,36.92579505300353,882,159.49367088607596,0,0,0,0.0,99.9,0.0,0.0,0.0,99.9,0,11,0,72.48014667991754,0.0,13.0901632003318,9.33532610520238,76.97334095276778,32.72,9
Jos Buttler,Wicketkeeper,66,2560,1539,41.29032258064516,166.3417803768681,223,149,24.171539961013643,33.46328784925276,1169,161.91135734072023,0,0,0,0.0,99.9,0.0,0.0,0.0,99.9,0,13,0,80.65056018272392,0.0,14.865373510837241,7.691385315428123,62.53411871908315,31.35,10
Batter_35,Opener,42,1494,909,39.31578947368421,164.35643564356434,150,72,24.422442244224424,32.893289328932894,431,169.68503937007875,0,0,0,0.0,99.9,0.0,0.0,0.0,99.9,0,0,0,73.07991513437057,0.0,13.670365276611202,13.664359754045229,62.898097767413745,31.06,11
Nicholas Pooran,Wicketkeeper,69,2490,1569,45.27272727272727,158.6998087954111,212,144,22.689611217335884,35.5640535372849,1179,157.40987983978638,0,0,0,0.0,99.9,0.0,0.0,0.0,99.9,0,3,0,71.58741375010392,0.0,15.0683319008625,9.962495382039393,64.88906329543526,30.98,12
Rinku Singh,Wicketkeeper,31,905,509,47.63157894736842,177.79960707269154,78,56,26.326129666011788,32.61296660117878,386,193.96984924623115,0,0,0,0.0,99.9,0.0,0.0,0.0,99.9,0,1,0,64.88251790354269,0.0,13.111191317061271,8.190961346090852,70.30341317087948,30.02,13
Sunil Narine,All-Rounder,39,1306,864,45.03448275862069,151.15740740740742,119,71,21.99074074074074,38.0787037037037,774,158.93223819301846,614,809,39,7.905537459283388,20.743589743589745,1.3928571428571428,42.508143322475576,8.555555555555555,15.428571428571429,18,1,1,63.27294040835709,32.32608189855746,12.45241507555346,15.369444534632937,48.168708524757534,29.79,14
Batter_32,Middle Order,42,1348,903,48.142857142857146,149.28017718715395,120,73,21.373200442967885,38.9811738648948,619,135.44857768052515,0,0,0,0.0,99.9,0.0,0.0,0.0,99.9,0,0,0,59.88978537151296,0.0,13.804042630007867,30.95165141857369,45.75565664052035,29.16,15
Tilak Varma,Middle Order,42,1379,839,47.55172413793103,164.36233611442194,132,76,24.791418355184742,35.99523241954708,627,163.28125,24,43,0,10.75,43.0,0.0,25.0,0.0,99.9,1,0,0,67.45704211362734,0.0,14.291674367341011,16.846411338833445,48.85703455983555,28.26,16
Ravindra Jadeja,All-Rounder,46,1085,704,35.0,154.1193181818182,110,51,22.869318181818183,35.653409090909086,731,147.97570850202428,840,1191,43,8.507142857142858,27.697674418604652,1.1025641025641026,43.095238095238095,9.076923076923077,13.928571428571429,33,3,3,45.440070713932805,20.614010989010985,9.916141654586921,11.811652944797391,65.82899285230074,27.88,17
Sanju Samson,Wicketkeeper,66,1937,1252,44.02272727272727,154.71246006389777,176,100,22.044728434504794,34.26517571884984,1103,146.87083888149135,0,0,0,0.0,99.9,0.0,0.0,0.0,99.9,0,13,0,56.75720362571401,0.0,11.926847512313547,14.609469631473837,57.89867127404448,27.19,18
KL Rahul,Middle Order,47,1727,1088,45.44736842105263,158.73161764705884,135,105,22.058823529411764,34.466911764705884,969,158.33333333333331,264,476,1,10.818181818181818,476.0,0.09090909090909091,32.95454545454545,6.6,99.9,4,5,0,72.90678289267835,0.27272727272727276,11.572018681210364,0.0,60.12207929437072,27.04,19
Shubman Gill,Middle Order,51,1941,1220,57.088235294117645,159.0983606557377,171,105,22.62295081967213,35.73770491803279,887,158.9605734767025,174,305,1,10.517241379310345,305.0,0.125,29.310344827586203,10.8,99.9,8,0,0,75.68870540019287,0.4525862068965514,14.937709090874296,10.46641842510818,41.558743969246166,27.03,20
MS Dhoni,Middle Order,35,1031,578,46.86363636363637,178.37370242214533,120,47,28.892733564013838,33.04498269896194,403,159.92063492063494,15,24,0,9.6,24.0,0.0,40.0,0.0,99.9,0,17,0,65.6797454275828,0.0,10.665544334237584,6.063269604662325,60.92380746332884,26.98,21
Batter_16,Wicketkeeper,39,1338,957,43.16129032258065,139.81191222570533,108,74,19.017763845350053,40.43887147335423,562,140.5,0,0,0,0.0,99.9,0.0,0.0,0.0,99.9,0,1,0,59.957800819869775,0.0,11.040224340948035,25.882229289527302,43.5585544140365,26.75,22
Batter_17,Middle Order,49,1646,1070,39.19047619047619,153.83177570093457,139,92,21.588785046728972,35.60747663551402,912,160.0,42,66,0,9.428571428571429,66.0,0.0,38.095238095238095,13.0,99.9,1,0,1,64.59364867442304,0.0,12.727540578351103,13.77600392904823,44.406864362086544,25.78,23
Batter_21,Middle Order,37,1161,845,40.03448275862069,137.39644970414201,82,68,17.75147928994083,40.23668639053255,437,135.29411764705884,24,44,0,11.0,44.0,0.0,20.833333333333336,12.5,99.9,0,1,0,53.89097233328003,0.0,9.593942392670698,28.39812830160585,43.014367437816716,25.72,24
Batter_6,Middle Order,46,1322,837,32.24390243902439,157.94504181600956,120,75,23.297491039426525,37.03703703703704,778,156.53923541247485,144,257,0,10.708333333333334,257.0,0.0,28.47222222222222,8.25,99.9,1,0,0,56.74003947846866,0.0,10.419329756120304,6.857020508779865,60.21238066268499,25.57,25
Batter_11,Wicketkeeper,42,1357,912,36.67567567567568,148.79385964912282,131,61,21.052631578947366,36.18421052631579,667,142.52136752136752,0,0,0,0.0,99.9,0.0,0.0,0.0,99.9,0,9,0,60.093234388053475,0.0,10.739472544195054,10.953566430246997,46.58099975436011,24.28,26
Glenn Maxwell,All-Rounder,75,2270,1455,45.4,156.01374570446737,199,124,22.19931271477663,35.4639175257732,919,163.81461675579322,1331,2014,81,9.078888054094666,24.864197530864196,1.3278688524590163,39.519158527422995,10.167364016736402,18.384615384615383,48,0,5,59.02520045819014,19.13238536290968,10.631583910458192,0.0,48.92898266669372,24.27,27
Batter_12,Opener,56,1595,1075,35.44444444444444,148.37209302325581,126,99,20.930232558139537,39.72093023255814,1251,152.5609756097561,0,0,0,0.0,99.9,0.0,0.0,0.0,99.9,0,0,0,52.82443936877077,0.0,11.552789152435551,0.0,61.2640204998548,24.22,28
Batter_24,Middle Order,54,1484,985,30.916666666666668,150.65989847715736,126,80,20.913705583756347,36.751269035533,948,150.47619047619048,234,416,0,10.666666666666666,416.0,0.0,28.205128205128204,7.8,99.9,4,0,1,51.7544651250235,0.0,9.484740925796627,0.0,65.6072500770171,24.2,29
Batter_33,Middle Order,34,908,579,39.47826086956522,156.82210708117444,76,51,21.934369602763386,35.57858376511226,211,168.79999999999998,12,30,0,15.0,30.0,0.0,16.666666666666664,0.0,99.9,0,0,0,52.35090927562736,0.0,9.973096397674942,22.56048098518073,40.79589340245264,24.01,30
Marcus Stoinis,All-Rounder,54,1416,819,54.46153846153846,172.8937728937729,124,87,25.76312576312576,32.967032967032964,436,178.68852459016392,949,1387,45,8.76923076923077,30.822222222222223,0.9375,40.463645943098,9.35195530726257,19.88888888888889,44,0,1,56.67073667073667,15.685096153846148,10.5277362184265,0.0,51.026202452360046,23.96,31
Batter_34,Middle Order,54,1364,951,33.26829268292683,143.4279705573081,121,63,19.348054679284964,36.38275499474238,542,131.23486682808715,70,122,0,10.457142857142857,122.0,0.0,35.714285714285715,7.8,99.9,3,9,0,45.28605366670561,0.0,8.633329990495596,0.0,68.6181082240836,23.54,32
Hardik Pandya,All-Rounder,53,819,537,43.10526315789474,152.51396648044692,74,44,21.973929236499067,38.547486033519554,416,161.86770428015564,997,1354,69,8.148445336008024,19.6231884057971,1.4375,43.53059177532598,7.327659574468085,8.10344827586207,18,0,2,29.459655317803307,30.74332372116349,11.086110941074544,0.0,58.61129775215867,23.1,33
Rashid Khan,Bowler,52,548,352,32.23529411764706,155.6818181818182,45,36,23.011363636363637,40.625,236,153.24675324675326,1105,1416,60,7.68868778280543,23.6,1.1764705882352942,44.25339366515837,8.61,16.666666666666668,31,0,1,20.508085664335663,29.217460739952088,10.653827841541789,9.550923172421232,55.62579712361968,22.76,34
Batter_1,Wicketkeeper,49,1196,789,37.375,151.58428390367553,92,70,20.53231939163498,36.628643852978456,383,142.37918215613382,0,0,0,0.0,99.9,0.0,0.0,0.0,99.9,0,1,0,46.24867437469284,0.0,11.309146040379757,10.37607230795723,48.106288398248395,22.59,35
Shimron Hetmyer,Middle Order,44,922,577,35.46153846153846,159.79202772963606,85,46,22.703639514731368,33.96880415944541,433,158.6080586080586,0,0,0,0.0,99.9,0.0,0.0,0.0,99.9,0,0,0,41.85461635418308,0.0,10.555615332304196,10.627306576909557,52.40143715499202,22.58,36
Axar Patel,Bowler,45,433,265,33.30769230769231,163.39622641509436,40,26,24.90566037735849,37.735849056603776,189,150.0,1010,1397,54,8.299009900990098,25.87037037037037,1.2,40.69306930693069,8.274725274725276,14.0,39,0,2,19.65293501048218,24.308910891089113,9.378463827774436,1.7769663646789446,67.7510196233187,22.57,37
Jasprit Bumrah,Bowler,61,94,86,6.266666666666667,109.30232558139534,10,4,16.27906976744186,54.65116279069767,17,62.96296296296296,1288,1604,80,7.472049689440994,20.05,1.4035087719298245,45.807453416149066,7.952941176470588,9.444444444444445,37,0,3,2.1054136484940904,37.136319058515845,10.27773569499655,13.232182185820307,58.40425531914894,21.95,38
Rishabh Pant,Middle Order,38,973,587,46.333333333333336,165.7580919931857,80,57,23.339011925042588,33.04940374787053,583,153.01837270341207,175,311,2,10.662857142857142,155.5,0.2222222222222222,28.000000000000004,11.0,99.9,2,6,0,53.05349457545055,0.6666666666666666,9.14123008730629,0.0,51.873296277549954,21.6,39
Batter_7,Middle Order,46,1438,991,39.94444444444444,145.10595358224018,137,70,20.887991927346114,38.143289606458126,551,142.7461139896373,240,430,0,10.75,430.0,0.0,26.666666666666668,8.636363636363637,99.9,2,0,0,56.701728600886234,0.0,10.10221384740779,0.0,46.789705247483745,21.4,40
Batter_30,Middle Order,44,852,581,24.34285714285714,146.64371772805507,87,43,22.375215146299485,41.13597246127367,566,154.6448087431694,194,317,3,9.804123711340205,105.66666666666667,0.3333333333333333,28.350515463917525,11.1,10.0,2,0,0,35.49444531372242,2.9896907216494872,7.926177599176311,0.0,64.5199530516432,21.3,41
Batter_15,Middle Order,27,415,293,24.41176470588235,141.63822525597269,39,22,20.819112627986346,43.68600682593857,170,133.85826771653544,48,72,0,9.0,72.0,0.0,31.25,7.0,99.9,0,0,0,27.212899759828083,0.0,7.081572445105086,0.0,72.06626690221742,20.97,42
Batter_25,Finisher,55,1152,763,30.31578947368421,150.9829619921363,112,57,22.14941022280472,38.92529488859764,437,141.88311688311688,0,0,0,0.0,99.9,0.0,0.0,0.0,99.9,0,0,0,39.53008459430478,0.0,9.482037752888914,12.482811801071103,45.70677488209868,20.89,43
Batter_18,Opener,61,1604,1205,29.163636363636364,133.11203319502073,136,84,18.25726141078838,41.99170124481328,805,134.84087102177554,0,0,0,0.0,99.9,0.0,0.0,0.0,99.9,0,0,0,43.75239779606829,0.0,9.294974651596684,0.0,53.695995925561284,20.56,44
Bowler_23,Bowler,29,53,60,3.3125,88.33333333333333,8,1,15.0,61.66666666666667,31,147.61904761904762,533,691,34,7.778611632270169,20.323529411764707,1.36,42.40150093808631,8.438709677419356,9.117647058823529,22,2,0,2.0179597701149423,32.85816135084428,7.7411319138973385,0.0,67.3700547778454,19.77,45
Batter_22,Middle Order,51,1494,958,37.35,155.94989561586638,119,88,21.60751565762004,35.908141962421716,826,170.30927835051546,293,527,0,10.791808873720136,527.0,0.0,30.034129692832767,11.345454545454546,99.9,9,0,0,57.105182365221665,0.0,9.448253363845268,0.0,38.49087742067883,19.57,46
Batter_3,Middle Order,35,698,461,31.727272727272727,151.40997830802604,65,34,21.475054229934923,37.52711496746204,330,154.20560747663552,24,46,0,11.5,46.0,0.0,20.833333333333336,11.333333333333334,99.9,0,0,0,37.74434459250078,0.0,8.483440490329262,1.5898624357940982,52.69340974212034,19.49,47
Batter_23,Middle Order,47,1272,909,28.90909090909091,139.93399339933995,125,56,19.911991199119914,39.713971397139716,583,140.82125603864733,24,38,0,9.5,38.0,0.0,37.5,15.0,99.9,0,16,0,47.33937223509586,0.0,8.230529162548809,0.0,46.13895550594147,19.21,48
Suryakumar Yadav,Middle Order,51,1700,1005,51.515151515151516,169.1542288557214,160,92,25.07462686567164,32.33830845771145,558,156.30252100840337,22,46,0,12.545454545454547,46.0,0.0,22.727272727272727,22.5,99.9,0,0,0,70.48092868988394,0.0,14.495673252642238,0.0,16.344784329453443,18.91,49
Dinesh Karthik,Wicketkeeper,57,1133,721,35.40625,157.14285714285714,109,55,22.74618585298197,34.11927877947296,383,140.80882352941177,0,0,0,0.0,99.9,0.0,0.0,0.0,99.9,0,18,0,39.04448621553885,0.0,8.223358710941069,5.0724136804674025,45.68262475489189,18.89,50
Yuzvendra Chahal,Bowler,53,94,99,4.476190476190476,94.94949494949495,7,5,12.121212121212121,57.57575757575758,15,53.57142857142857,1023,1321,84,7.747800586510264,15.726190476190476,1.7142857142857142,47.01857282502444,6.388059701492537,6.28125,38,0,2,2.105012388031256,41.813992459153745,9.757362366813242,0.0,53.286017677423644,18.57,51
Batter_9,Middle Order,38,910,596,36.4,152.68456375838926,83,45,21.476510067114095,35.57046979865772,487,144.94047619047618,24,64,0,16.0,64.0,0.0,16.666666666666664,17.333333333333332,99.9,0,0,0,45.704918756623094,0.0,9.468108615282517,0.0,41.81860124153573,18.53,52
Batter_8,Opener,64,1465,1047,28.725490196078432,139.9235912129895,121,82,19.38872970391595,40.210124164278895,652,147.5113122171946,0,0,0,0.0,99.9,0.0,0.0,0.0,99.9,0,0,0,40.036730688872964,0.0,9.40699742351277,0.0,45.184656190014316,18.33,53
Batter_36,Middle Order,44,778,566,24.3125,137.4558303886926,75,35,19.434628975265017,41.342756183745585,432,138.90675241157558,246,440,4,10.731707317073171,110.0,0.36363636363636365,34.552845528455286,9.571428571428571,99.9,6,0,0,30.380862512046264,1.090909090909091,6.2082909737161796,0.0,53.45000592146206,17.53,54
Bowler_18,Bowler,51,20,40,3.3333333333333335,50.0,1,1,5.0,72.5,10,62.5,1073,1598,58,8.935694315004659,27.551724137931036,1.1372549019607843,38.863000931966454,10.662162162162161,11.384615384615385,37,0,2,0.2450980392156863,17.6073131955485,6.354196116715253,0.0,67.03378378378379,17.43,55
Bowler_4,Bowler,49,110,99,12.222222222222221,111.11111111111111,13,4,17.17171717171717,53.535353535353536,32,76.19047619047619,998,1440,59,8.657314629258517,24.406779661016948,1.3409090909090908,39.37875751503006,7.409999999999999,11.764705882352942,39,0,3,3.1179138321995463,23.559960830752416,7.666260204674007,0.0,59.435139686658175,17.39,56
Batter_2,All-Rounder,57,1627,1106,31.901960784313726,147.10669077757686,147,79,20.43399638336347,37.070524412296564,797,152.68199233716476,358,722,2,12.100558659217878,361.0,0.11764705882352941,26.256983240223462,13.390243902439025,99.9,13,0,1,52.48740918752578,0.35294117647058826,7.31699808909095,0.0,33.36419684711305,17.14,57
Kuldeep Yadav,Bowler,53,32,43,3.5555555555555554,74.4186046511628,6,0,13.953488372093023,67.44186046511628,28,80.0,1168,1566,76,8.044520547945206,20.605263157894736,1.4339622641509433,42.72260273972603,8.411575562700964,14.80952380952381,30,0,2,0.5616498464238702,31.785345050400615,9.764401491682218,0.0,51.91318327974277,17.06,58
Bowler_27,Bowler,35,48,66,2.823529411764706,72.72727272727273,2,3,7.575757575757576,65.15151515151516,19,61.29032258064516,540,809,24,8.988888888888889,33.708333333333336,0.9230769230769231,36.48148148148148,8.024096385542169,10.375,21,1,2,1.2467532467532467,13.923076923076923,4.227537335880702,0.0,69.81927710843374,17.02,59
Bowler_30,Bowler,53,145,160,3.717948717948718,90.625,10,10,12.5,63.125,71,118.33333333333333,739,1090,38,8.84979702300406,28.68421052631579,1.0555555555555556,38.836265223274694,8.0,27.0,27,0,3,3.0992040094339623,17.022440234551194,3.9436101349710984,0.0,66.9623315717553,16.94,60
Bowler_9,Bowler,33,104,120,6.5,86.66666666666667,16,1,14.166666666666666,62.5,57,98.27586206896551,506,734,17,8.703557312252965,43.1764705882353,0.6296296296296297,40.316205533596836,8.0,19.0,20,0,3,3.414141414141414,10.844312692138777,3.882887018659035,0.0,69.61538461538461,16.88,61
Bowler_36,Bowler,48,19,31,2.375,61.29032258064516,3,0,9.67741935483871,67.74193548387096,13,52.0,1070,1544,47,8.657943925233644,32.851063829787236,1.0,38.87850467289719,10.085106382978724,26.857142857142858,26,0,4,0.3032594086021505,17.565420560747672,6.035598346753571,0.0,64.6248600223964,16.84,62
Batter_26,Middle Order,35,538,428,25.61904761904762,125.70093457943925,54,20,17.289719626168225,41.822429906542055,152,116.03053435114504,48,52,1,6.5,52.0,0.5,43.75,0.0,99.9,2,0,0,24.152536715620826,16.875,6.069655880422383,5.35595717376699,40.18601556351533,16.54,63
Batter_4,Middle Order,47,728,584,24.266666666666666,124.65753424657535,57,37,16.095890410958905,44.69178082191781,318,119.10112359550563,0,0,0,0.0,99.9,0.0,0.0,0.0,99.9,0,0,0,24.135820460507144,0.0,5.977937941326095,11.30956744773709,42.458512665366904,16.47,64
Arshdeep Singh,Bowler,36,49,59,3.2666666666666666,83.05084745762711,5,2,11.864406779661017,62.71186440677966,12,44.44444444444444,715,896,56,7.518881118881119,16.0,1.6470588235294117,45.73426573426573,8.289473684210527,7.238095238095238,22,1,5,1.4130178907721282,43.00205676676265,10.644269842193072,0.0,41.03881055566434,16.45,65
Kagiso Rabada,Bowler,73,113,144,3.6451612903225805,78.47222222222221,12,3,10.416666666666668,61.80555555555556,26,45.614035087719294,1495,1910,100,7.665551839464883,19.1,1.4492753623188406,44.013377926421406,8.097345132743364,13.294117647058824,63,0,4,1.5183837519025873,36.24400174494692,9.111462113292026,0.0,46.3663330472954,16.31,66
Pat Cummins,Bowler,54,478,423,15.419354838709678,113.00236406619386,45,22,15.839243498817968,52.24586288416076,316,117.4721189591078,835,1184,36,8.507784431137726,32.888888888888886,0.8780487804878049,41.43712574850299,9.105263157894736,8.142857142857142,16,0,2,12.50350232028719,16.412151307141805,6.127752222330573,0.0,52.90299493503634,16.24,67
Batter_27,Middle Order,27,471,336,31.4,140.17857142857142,34,27,18.154761904761905,38.98809523809524,135,120.53571428571428,0,0,0,0.0,99.9,0.0,0.0,0.0,99.9,0,0,0,30.566716269841265,0.0,7.105995533136983,16.271716032872842,29.402484167632288,16.21,68
Mitchell Starc,Bowler,33,43,53,4.3,81.13207547169812,6,1,13.20754716981132,62.264150943396224,6,37.5,647,806,48,7.474497681607419,16.791666666666668,1.6,44.20401854714065,8.082644628099173,11.0,23,1,2,1.3214694110920528,42.30602782071097,9.669096717349563,1.6193825120481509,39.74847457897994,16.09,69
Batter_29,Opener,52,1132,764,24.608695652173914,148.1675392670157,93,62,20.287958115183248,38.61256544502618,546,137.53148614609572,0,0,0,0.0,99.9,0.0,0.0,0.0,99.9,0,0,0,40.31866693515909,0.0,9.549202670848917,1.7139250103663017,30.367128297132627,15.81,70
Batter_39,Middle Order,38,669,474,22.3,141.13924050632912,56,36,19.40928270042194,38.607594936708864,297,155.4973821989529,204,398,1,11.705882352941176,398.0,0.1111111111111111,30.88235294117647,11.88888888888889,99.9,6,0,0,31.059918387741508,0.3333333333333333,5.077490124434659,0.0,46.64050822122571,15.8,71
Batter_19,Middle Order,24,408,318,27.2,128.30188679245282,36,18,16.9811320754717,42.45283018867924,237,130.939226519337,0,0,0,0.0,99.9,0.0,0.0,0.0,99.9,0,0,0,27.264150943396228,0.0,6.094261657887623,0.0,47.011875172604256,15.62,72
Batter_10,Middle Order,49,1157,857,29.666666666666668,135.00583430571763,105,58,19.01983663943991,42.123687281213535,495,134.51086956521738,174,330,1,11.379310344827585,330.0,0.1111111111111111,28.160919540229884,10.714285714285714,99.9,7,0,1,39.847385278498805,0.3333333333333333,6.795453820487006,0.0,35.52736484127442,15.49,73
Bowler_11,Bowler,58,122,164,3.935483870967742,74.39024390243902,10,5,9.146341463414634,64.02439024390245,41,65.07936507936508,1044,1498,59,8.60919540229885,25.389830508474578,1.18,41.95402298850575,7.689320388349514,9.80952380952381,35,0,4,1.9559503784693018,21.158620689655177,5.921036476366983,0.0,55.0,15.48,74
Batter_20,Middle Order,49,1364,952,29.652173913043477,143.27731092436974,131,66,20.69327731092437,39.285714285714285,676,142.31578947368422,207,369,1,10.695652173913043,369.0,0.1111111111111111,28.985507246376812,12.736842105263158,99.9,6,0,0,49.85465614817356,0.3333333333333333,8.298138290910147,0.0,25.021950652897267,15.42,75
Varun Chakravarthy,Bowler,34,50,75,2.7777777777777777,66.66666666666666,4,1,6.666666666666667,62.66666666666667,18,52.94117647058824,578,783,35,8.1280276816609,22.37142857142857,1.25,43.77162629757785,7.891304347826087,10.222222222222221,21,2,4,1.2254901960784315,26.924740484429066,6.45946144960828,0.0,51.4,15.42,76
Bhuvneshwar Kumar,Bowler,59,212,237,5.0476190476190474,89.45147679324894,24,8,13.502109704641349,62.447257383966246,111,107.76699029126213,738,1061,38,8.626016260162602,27.92105263157895,1.027027027027027,39.295392953929536,8.521739130434783,11.5,31,0,1,4.017735822069657,18.286090969017792,4.346790526364078,0.0,56.33829573181175,15.22,77
Batter_14,Bowler,28,324,264,29.454545454545453,122.72727272727273,24,18,15.909090909090908,45.45454545454545,204,131.61290322580646,108,185,0,10.277777777777779,185.0,0.0,31.48148148148148,0.0,99.9,4,0,1,17.751623376623378,0.0,5.507447756548578,0.0,52.14891975308642,15.02,78
Batter_13,Bowler,42,509,363,23.136363636363637,140.22038567493112,49,23,19.834710743801654,41.04683195592286,321,137.17948717948718,300,514,1,10.28,514.0,0.07142857142857142,28.666666666666668,9.2,99.9,10,0,0,21.24171913944641,0.38571428571428606,5.253480016227651,0.0,49.740037119803276,15.01,79
Mohit Sharma,Bowler,56,17,32,2.4285714285714284,53.125,1,0,3.125,62.5,4,40.0,1162,1655,77,8.545611015490534,21.493506493506494,1.375,43.029259896729776,7.529880478087649,10.04,36,0,6,0.20159040178571425,25.310886402753866,8.589610476783943,0.0,45.91978282866914,14.75,80
Mohammed Shami,Bowler,46,54,53,6.75,101.88679245283019,8,1,16.9811320754717,54.71698113207547,20,200.0,969,1269,54,7.857585139318886,23.5,1.173913043478261,45.20123839009288,7.957446808510638,14.1,22,0,4,1.4950779327317476,27.666913447301116,8.891215434970826,0.0,42.90107324239198,14.68,81
Bowler_34,Bowler,32,49,59,3.769230769230769,83.05084745762711,7,2,15.254237288135593,72.88135593220339,12,66.66666666666666,563,792,38,8.440497335701599,20.842105263157894,1.4615384615384615,41.91829484902309,8.129032258064516,10.333333333333334,12,0,2,1.589645127118644,28.05608689711709,6.652461394989752,0.0,45.75483522824237,14.52,82
Bowler_15,Bowler,60,145,187,3.152173913043478,77.54010695187165,18,5,12.299465240641712,66.84491978609626,33,56.896551724137936,851,1325,39,9.341950646298471,33.97435897435897,0.8666666666666667,35.95769682726204,8.188235294117648,8.947368421052632,27,0,3,2.3423573975044563,10.777320799059936,2.9890795111208175,0.0,56.898580121703844,13.85,83
Bowler_8,Bowler,57,126,167,3.3157894736842106,75.44910179640718,9,8,10.179640718562874,67.66467065868264,49,56.97674418604651,876,1335,40,9.143835616438356,33.375,0.9302325581395349,37.21461187214612,8.764705882352942,12.0,27,0,0,2.084777812795462,12.94998407136031,3.392902010440974,0.0,55.00735174769442,13.8,84
Bowler_25,Bowler,35,50,56,3.5714285714285716,89.28571428571429,6,1,12.5,55.35714285714286,11,64.70588235294117,659,971,44,8.840667678300456,22.068181818181817,1.4193548387096775,38.846737481031866,9.292682926829269,9.11111111111111,20,0,2,1.5943877551020411,22.98644084389838,5.949758105242061,0.0,45.30487804878048,13.68,85
Bowler_32,Bowler,70,79,97,4.157894736842105,81.44329896907216,10,2,12.371134020618557,62.88659793814433,40,114.28571428571428,1336,2059,77,9.247005988023952,26.74025974025974,1.1666666666666667,38.17365269461078,8.581395348837209,9.923076923076923,47,0,4,1.1489322533136965,15.338697604790418,5.054391069089961,0.0,50.715670749781694,13.62,86
Tushar Deshpande,Bowler,44,68,79,4.533333333333333,86.07594936708861,7,3,12.658227848101266,63.29113924050633,41,102.49999999999999,902,1286,59,8.554323725055433,21.796610169491526,1.4047619047619047,42.12860310421286,7.609756097560976,10.933333333333334,28,0,0,1.66283084004603,25.766946468165976,7.032459030743028,0.0,40.791822728856246,13.45,87
Bowler_10,Bowler,37,80,97,7.2727272727272725,82.4742268041237,8,2,10.309278350515463,57.73195876288659,20,50.0,674,1022,40,9.09792284866469,25.55,1.25,38.57566765578635,8.627737226277373,13.7,28,1,1,2.229033156868208,17.831973293768538,5.630225969596598,0.0,46.74489399463096,13.44,88
Mohammed Siraj,Bowler,72,50,81,2.1739130434782608,61.72839506172839,4,2,7.4074074074074066,67.90123456790124,18,58.06451612903226,1409,2083,75,8.870120652945351,27.773333333333333,1.1363636363636365,40.73811213626686,8.270833333333334,10.666666666666666,45,0,4,0.5358367626886145,18.152380798761214,5.832730048085039,0.0,46.71988274223243,13.28,89
Batter_38,Middle Order,35,678,448,37.666666666666664,151.33928571428572,66,34,22.321428571428573,36.607142857142854,254,159.74842767295598,45,114,0,15.2,114.0,0.0,15.555555555555555,15.6,99.9,1,0,0,36.645727040816325,0.0,7.075888338627938,0.0,26.1901115829147,13.21,90
Trent Boult,Bowler,61,113,124,4.708333333333333,91.12903225806451,12,4,12.903225806451612,58.06451612903226,32,71.11111111111111,1115,1484,61,7.985650224215246,24.327868852459016,1.1730769230769231,42.600896860986545,9.057692307692308,16.0,42,0,2,2.1101599682707564,26.520481200413943,7.084035214883729,0.0,37.81091047962056,13.01,91
Bowler_17,Bowler,52,22,40,1.375,55.00000000000001,4,0,10.0,75.0,12,63.1578947368421,1071,1620,60,9.07563025210084,27.0,1.2,39.58916900093371,9.043478260869565,34.5,33,0,3,0.29086538461538464,17.31932773109244,4.960433902075572,0.0,47.173913043478265,12.95,92
Batter_31,Bowler,23,322,182,40.25,176.9230769230769,30,18,26.373626373626376,31.318681318681318,237,168.08510638297872,258,504,3,11.720930232558139,168.0,0.2727272727272727,29.844961240310074,13.333333333333334,36.0,6,0,1,30.96153846153846,0.8181818181818182,5.853480989904077,0.0,30.714285714285715,12.92,93
Sandeeep Sharma,Bowler,53,94,105,2.9375,89.52380952380953,8,4,11.428571428571429,61.904761904761905,35,81.3953488372093,864,1174,47,8.152777777777779,24.97872340425532,1.146341463414634,42.824074074074076,7.294964028776978,12.636363636363637,32,0,6,1.9847259658580416,24.47916666666666,5.827974804933817,0.0,40.56756664742083,12.9,94
Bowler_26,Bowler,47,59,74,4.214285714285714,79.72972972972973,9,1,13.513513513513514,67.56756756756756,9,42.857142857142854,954,1341,59,8.433962264150944,22.728813559322035,1.3409090909090908,41.509433962264154,8.478260869565217,8.0,36,0,4,1.25107820586544,25.806174957118348,7.41917056454386,0.0,36.918393430287814,12.75,95
Bowler_3,Bowler,45,50,54,3.3333333333333335,92.5925925925926,6,1,12.962962962962962,59.25925925925925,16,69.56521739130434,826,1225,36,8.898305084745763,34.02777777777778,0.9230769230769231,39.58837772397095,9.264000000000001,20.833333333333332,26,0,2,1.286008230452675,14.55019556714472,4.809328026547653,0.0,45.519999999999996,12.44,96
Batter_5,Middle Order,47,1099,842,34.34375,130.52256532066508,83,61,17.102137767220903,44.06175771971497,474,130.57851239669424,246,417,0,10.170731707317072,417.0,0.0,31.70731707317073,12.833333333333334,99.9,8,1,0,38.150079597715674,0.0,6.970117084743653,0.0,21.16014558689718,12.39,97
Bowler_28,Bowler,44,34,63,2.8333333333333335,53.96825396825397,2,1,4.761904761904762,66.66666666666666,15,39.473684210526315,939,1447,46,9.246006389776358,31.456521739130434,1.0454545454545454,40.2555910543131,9.224489795918368,16.333333333333332,37,0,3,0.5212842712842712,13.75290444379901,4.607554360085712,0.0,45.816326530612244,12.23,98
Bowler_7,Bowler,66,88,113,4.190476190476191,77.87610619469027,8,4,10.619469026548673,64.60176991150442,9,23.076923076923077,1256,2085,60,9.960191082802547,34.75,1.0,38.05732484076433,8.57918552036199,24.555555555555557,43,0,3,1.2979351032448379,7.798566878980897,2.885625216656333,0.0,50.65610859728507,12.12,99
Batter_28,Bowler,32,314,283,16.526315789473685,110.95406360424028,34,11,15.901060070671377,48.0565371024735,150,116.27906976744187,174,293,1,10.10344827586207,293.0,0.125,32.18390804597701,10.625,99.9,2,8,1,13.609209363957595,0.8405172413793099,3.150552061024227,0.0,44.06986521966666,12.04,100
